episode,reward,episode_length
1,-17.077900687674855,627
2,-15.901097501318986,638
3,-14.809196556348411,760
4,-19.12250415347995,664
5,-32.441840241517994,639
