episode,reward,episode_length
1,4.232130563624281,694
2,-12.700504665788813,638
3,-4.410713979240825,652
4,-12.914667304039568,726
5,-17.684872312236195,516
