#{"t_start": 1775134300.4935398, "env_id": "AstroExploration-v0"}
r,l,t
-37.036539,514,23.608608
-31.375144,551,49.446544
-62.917543,554,61.158418
