#{"t_start": 1775131624.1685183, "env_id": "AstroExploration-v0"}
r,l,t
-39.931623,514,24.261046
-40.27727,551,32.398206
-53.223479,554,47.832627
