#{"t_start": 1775131618.7449584, "env_id": "AstroExploration-v0"}
r,l,t
-22.976016,487,3.312926
