#{"t_start": 1775134295.5009847, "env_id": "AstroExploration-v0"}
r,l,t
-20.582828,487,2.849771
