#{"t_start": 1775191323.8122084, "env_id": "AstroExploration-v0"}
r,l,t
-89.612552,487,19.514838
-61.90294,541,19.791061
-99.152753,507,20.024449
-67.781207,569,20.284128
-95.525325,532,20.52875
-98.232771,519,21.275185
-98.2586,519,22.937923
-92.673603,514,24.390713
